key;name;file;file_alter_v;MS-50G;MS-60B;MS-70CDR;G1on;B1on;description;description rus;group name;group number;version
1;160 Comp;160_COMP.ZDL;;;MS-60B;MS-70CDR;G1on;B1on;This compressor is in the style of the dbx 160A;Компрессор в стиле dbx 160A;DYN;0x01;1.01
2;Comp;COMP.ZDL;;MS-50G;;MS-70CDR;G1on;;This compressor in the style of the MXR Dyna Comp;Компрессор в стиле MXR Dyna Comp ;DYN;0x01;1.00
3;D Comp;D_COMP.ZDL;;;MS-60B;;;B1on;This compressor in the style of the MXR Dyna Comp;Компрессор в стиле MXR Dyna Comp ;DYN;0x01;1.01
4;DirtyGate;DIRTYGTE.ZDL;;MS-50G;MS-60B;MS-70CDR;;;This vintage style gate features a characteristic way of closing;Винтажный гейт с характерным закрытием;DYN;0x01;1.00
5;DualComp;DUAL_CMP.ZDL;;;MS-60B;MS-70CDR;;B1on;This is a compressor which allows separate settings for the low frequency and high frequency range;Компрессор, позволяет раздельные настраивать низкочастотный и высокочастотный диапазоны;DYN;0x01;1.00
6;GrayComp;GRAYCOMP.ZDL;;MS-50G;MS-60B;MS-70CDR;;;This models a ROSS Compressor;Моделирует ROSS компрессор;DYN;0x01;1.00
7;Limiter;LIMITER.ZDL;;;MS-60B;MS-70CDR;;B1on;This is a limiter that suppresses signal peaks above a certain reference level;Лимитер, подавляет пики сигнала выше установленного уровня;DYN;0x01;1.01
8;M Comp;M_COMP.ZDL;;MS-50G;MS-60B;MS-70CDR;;B1on;This compressor provides a more natural sound;Компрессор, обеспечивает очень натуральный звук;DYN;0x01;1.00
9;NoiseGate;NOISEGTE.ZDL;;MS-50G;MS-60B;MS-70CDR;G1on;;This is a noise gate that cuts the sound during playing pauses;Шумодав, убирает шумы в паузах;DYN;0x01;1.00
10;OptComp;OPTCOMP.ZDL;;MS-50G;MS-60B;MS-70CDR;G1on;B1on;This compressor is in the style of an APHEX Punch FACTORY;Компрессор выполнен в стиле APHEX Punch FACTORY;DYN;0x01;1.00
11;OrangeLim;ORANGELM.ZDL;;MS-50G;MS-60B;MS-70CDR;;;This models an ORANGE SQUEEZER;Лимитер, моделирует ORANGE SQUEEZER;DYN;0x01;1.00
12;RackComp;RACKCOMP.ZDL;;MS-50G;MS-60B;MS-70CDR;;;This compressor allows more detailed adjustment than Comp;Компрессор, позволяет осуществлять более тонкую настройку, чем Comp;DYN;0x01;1.00
13;SlowATTCK;SLWATK.ZDL;;MS-50G;MS-60B;MS-70CDR;G1on;B1on;This effect slows the attack of each note, resulting in a violin-like performance;Эффект замедляет атаку каждой ноты, исполнение получается по типу скрипки;DYN;0x01;1.00
14;ZNR;ZNR.ZDL;;MS-50G;MS-60B;MS-70CDR;G1on;B1on;'ZOOM''s unique noise reduction cuts noise during pauses in playing without affecting the tone';Уникальное подавление шума от ZOOM убирает шум в паузах во время исполнения, не влияя на тон;DYN;0x01;1.00
15;A-Filter;A_FILTER.ZDL;;;MS-60B;MS-70CDR;;B1on;This is a resonance filter with a sharp envelope;Резонансный фильтр с резкой огибающей;FLTR;0x02;1.01
16;AutoWah;AUTOWAH.ZDL;;MS-50G;;MS-70CDR;G1on;;This effect varies wah in accordance with picking intensity;Эффект варьирует «вау-вау» в соответствии с интенсивностью звукоизвлечения;FLTR;0x02;1.00
17;Ba Cry;B_CRY.ZDL;;;MS-60B;MS-70CDR;;B1on;This talking modulator is suitable for the bass frequency range;Модулятор голоса для диапазона низких частот;FLTR;0x02;1.01
18;Ba GEQ;B_GEQ.ZDL;;;MS-60B;MS-70CDR;;B1on;This 7-band graphic equalizer is suitable for the bass frequency;7-полосный графический эквалайзер, подходит для низких частот;FLTR;0x02;1.01
19;Ba PEQ;B_PEQ.ZDL;;;MS-60B;MS-70CDR;;B1on;This 2-band parametric equalizer is suitable for the bass frequency range;2-полосный параметрический эквалайзер, подходит для диапазона низких частот;FLTR;0x02;1.01
20;BaAutoWah;B_ATWAH.ZDL;;;MS-60B;MS-70CDR;;B1on;You can adjust the mix of this bass guitar auto-wah with the original signal;Вы можете отрегулировать микс авто-вау с исходным сигналом бас-гитары ;FLTR;0x02;1.01
21;Bottom B;BOTTOM_B.ZDL;;;MS-60B;MS-70CDR;;B1on;Emphasizes the low and high frequencies;Подчеркивает низкие и высокие частоты;FLTR;0x02;1.01
22;CombFLTR;COMBFLTR.ZDL;;MS-50G;;MS-70CDR;;;This effect uses the comb filter that results from fixing the modulation of the flanger like an equalizer;Эффект использует гребенчатый фильтр, который получается в результате фиксации модуляции флэнжера, как эквалайзер;FLTR;0x02;1.00
23;Cry;CRY.ZDL;;MS-50G;;MS-70CDR;G1on;;This effect varies the sound like a talking modulator;Эффект варьирует звук как модулятор речи;FLTR;0x02;1.00
24;Exciter;EXCITER.ZDL;;MS-50G;MS-60B;MS-70CDR;G1on;B1on;Adjusts the depth of the compression;Регулирует глубину компрессии;FLTR;0x02;1.00
25;fCycle;FCYCLE.ZDL;;MS-50G;MS-60B;MS-70CDR;G1on;;This filter effect changes tone characteristics cyclically;Эффект фильтра, циклически изменяет характеристики тона;FLTR;0x02;1.00
26;GraphicEQ;GEQ.ZDL;;MS-50G;;MS-70CDR;G1on;;This unit has a 6-band equalizer;6-полосный эквалайзер;FLTR;0x02;1.00
27;LineSel;LINESEL.ZDL;;MS-50G;MS-60B;MS-70CDR;;;Sound input into the LineSel effect is sent directly to the OUTPUT jacks when OFF and to the next effect in order when ON;Входной звук в эффекте LineSel отправляется напрямую в выходные разъемы, если выключен, и к следующему по порядку эффекту, если включен;FLTR;0x02;1.01
28;M-Filter;M_FILTER.ZDL;;MS-50G;MS-60B;MS-70CDR;G1on;B1on;This envelope filter has the flavor of a Moog MF-101 low pass filter and can be set in a wide range;Огибающий фильтр, имеет оттенок низкочастотного фильтра Moog MF-101и может устанавливаться в широком диапазоне;FLTR;0x02;1.00
29;ParaEQ;PEQ.ZDL;;MS-50G;;MS-70CDR;G1on;;This is a 2-band parametric equalizer;2х-полосный параметрический эквалайзер;FLTR;0x02;1.00
30;Resonance;RESONS.ZDL;;MS-50G;;MS-70CDR;;;This effect varies the resonance filter frequency according to picking intensity;Эффект изменяет частоту резонансного фильтра в зависимости от интенсивности звукоизвлечения;FLTR;0x02;1.00
31;RndmFLTR;RNDMFLTR.ZDL;;MS-50G;MS-60B;MS-70CDR;G1on;B1on;This filter effect changes character randomly;Эффект фильтра, меняет характер случайным образом;FLTR;0x02;1.00
32;SeqFLTR;SEQFLTR.ZDL;;MS-50G;MS-60B;MS-70CDR;G1on;B1on;The sequence filter has the flavor of a Z.Vex Seek-Wah;Фильтр симметричных составляющих, имеет оттенок Z.Vex Seek-Wah;FLTR;0x02;1.00
33;SlowFLTR;SLOWFLTR.ZDL;;MS-50G;;MS-70CDR;;;The frequency of this filter effect changes, triggered by picking;Частота фильтра изменяется, в зависимости от звукоизвлечения;FLTR;0x02;1.00
34;Splitter;SPLITTER.ZDL;;;MS-60B;MS-70CDR;;B1on;This effect divides the signal into two bands (high/low) and lets you freely adjust the mix ratio of the two bands;Эффект делит сигнал на две полосы (высокая / низкая) и позволяет регулировать соотношение микширования двух полос;FLTR;0x02;1.01
35;St Bs GEQ;ST_B_GEQ.ZDL;;;MS-60B;MS-70CDR;;;This stereo graphic equalizer has 7 bands that suit bass guitar frequencies;7-полосный графический стерео, которые подходят для бас-гитары;FLTR;0x02;1.00
36;St Gt GEQ;ST_G_GEQ.ZDL;;MS-50G;;MS-70CDR;;;This stereo graphic equalizer has 6 bands that suit guitar frequencies;6-полосный графический стерео, которые подходит для гитары;FLTR;0x02;1.00
37;Step;STEP.ZDL;;MS-50G;;MS-70CDR;G1on;B1on;This special effect gives the sound a stepped quality;Особый эффект, придает звуку оттенок ступенчатости;FLTR;0x02;1.00
38;Z Tron;Z_TRON.ZDL;;;MS-60B;MS-70CDR;;B1on;This is like a Q-Tron Envelope Filter in LP mode;Эффект похож на фильтр огибающей Q-Tron в режиме LP;FLTR;0x02;1.01
39;Aco.Sim;ACOSIM.ZDL;;MS-50G;;;G1on;;This effect changes the tone of an electric guitar to make it sound like an acoustic guitar;Этот эффект изменяет тон электрогитары, заставляя ее звучать как акустическую гитару;DRIVE;0x03;1.00
40;BG GRID;BGGRID.ZDL;;MS-50G;;;;;This models a Mesa Boogie GRID SLAMMER;Моделирует звук Mesa Boogie GRID SLAMMER;DRIVE;0x03;1.00
41;BG THROTTLE;BGTHRTTL.ZDL;;MS-50G;;;;;This models the sound of the Mesa Boogie THROTTLE BOX;Моделирует звук Mesa Boogie THROTTLE BOX;DRIVE;0x03;1.00
42;Booster;BOOSTER.ZDL;;MS-50G;;;G1on;;The booster increases signal gain to make the sound more powerful;Бустер, поднимает громкость сигнала, чтобы придать звуку более мощное звучание;DRIVE;0x03;1.00
43;CentaGold;CENTAGLD.ZDL;;MS-50G;;;;;This effect models a famous gold overdrive boutique pedal;Эффект моделирует знаменитую бутиковую педаль Gold Overdrive;DRIVE;0x03;1.00
44;Dist 1;DISTONE.ZDL;;MS-50G;;;G1on;;Simulation of the BOSS DS-1 distortion pedal, which has been a long-seller;Имитация BOSS DS-1 дисторшн педали, лидера продаж на протяжении долгого времени;DRIVE;0x03;1.00
45;Dist+;DISTPLUS.ZDL;;MS-50G;;;G1on;;Simulation of the MXR distortion+ effect that made distortion popular worldwide;Имитация MXR distortion+, сделавшего популярным дисторшн во всем мире;DRIVE;0x03;1.00
46;DYNAMIC DRIVE;DYNDRIVE.ZDL;;MS-50G;;;;;This effect easily achieves the warm drive tone of a tube amp;Эффект легко достигает теплого тона лампового усилителя;DRIVE;0x03;1.00
47;ExtremeDS;EXTRMDS.ZDL;;MS-50G;;;G1on;;This distortion effect boasts the highest gain in the world;Этот дисторшн эффект дает самый большой в мире коэффициент усиления;DRIVE;0x03;1.00
48;FuzzSmile;FUZZSML.ZDL;;MS-50G;;;G1on;;Simulation of the Fuzz Face, which has made rock history with its humorous panel design and smashing sound;Моделирует Fuzz Face, которая вошла в историю рока благодаря своему юмористическому дизайну  и потрясающему звуку;DRIVE;0x03;1.00
49;Governor;GOVERNOR.ZDL;;MS-50G;;;G1on;;'Simulation of the Guv''nor distortion effect from Marshall';'Моделирует дисторшн Gu''nor фирмы Marshall';DRIVE;0x03;1.00
50;GreatMuff;GRTMUFF.ZDL;;MS-50G;;;G1on;;Simulation of the Electro-Harmonix Big Muff, which is loved by famous artists around the world for its fat, sweet fuzz sound;Имитация Electro-Harmonic Big Muff, предпочитаемого известными музыкантами во всем мире за жирный, нежный фуз-звук;DRIVE;0x03;1.00
51;HotBox;HOTBOX.ZDL;;MS-50G;;;G1on;;Simulation of the compact Matchless Hotbox pre-amplifier with a built-in tube;Имитация компактного лампового предусилителя Matchless Hotbox;DRIVE;0x03;1.00
52;Lead;LEAD.ZDL;;MS-50G;;;G1on;;Lead a bright and smooth distortion sound;Яркий и ровный соло перегруз;DRIVE;0x03;1.00
53;MetalWRLD;MTLWRLD.ZDL;;MS-50G;;;G1on;;Simulation of the BOSS Metal Zone, which is characterized by long sustain and a powerful lower midrange;Имитация BOSS Metal Zone, который характеризуется долгим устойчивым и мощным низким диапазоном средних частот;DRIVE;0x03;1.00
54;NYC Muff;NYC_MUFF.ZDL;;MS-50G;;;;;This models an Electro-Harmonix Big Muff Pi;Моделирует Electro-Harmonix Big Muff Pi;DRIVE;0x03;1.00
55;OctFuzz;OCTFUZZ.ZDL;;MS-50G;;;;;This fuzz effect adds an octave above;Фуз с добавлением октавы вверх;DRIVE;0x03;1.00
56;OverDrive;OVRDRV.ZDL;;MS-50G;;;G1on;;"Simulation of the BOSS OD-1, the compact effect box that was the first to take the ""overdrive"" title";Симуляция BOSS OD-1, первым получившего звание «овердрайва»;DRIVE;0x03;1.00
57;RC Boost;RCBOOST.ZDL;;MS-50G;;;;;This booster covers sounds ranging from clean boosts to light drives;Бустер, звук варьируется от чистого, до легкого перегруза;DRIVE;0x03;1.00
58;RED CRUNCH;RED_CRU.ZDL;;MS-50G;;;;;"Use this effect for the famous ""brown sound""";"Используйте этот эффект для получения знаменитого ""brown sound""";DRIVE;0x03;1.00
59;Squeak;SQUEAK.ZDL;;MS-50G;;;G1on;;Simulation of the popular Pro Co Rat famous for its edgy distortion sound;Имитация популярной Pro Co Rat, известной своим резким дисторшн звуком;DRIVE;0x03;1.00
60;Sweet Drive;SWEETDRV.ZDL;;MS-50G;;;;;This effect models a sweet sounding overdrive;Моделирует приятный звук овердрайва;DRIVE;0x03;1.00
61;T Scream;T_SCREAM.ZDL;;MS-50G;;;G1on;;Simulation of the Ibanez TS808, which is loved by many guitarists as a booster and has inspired numerous clones;Имитация Ibanez TS808, предпочитаемого многими гитаристами как грелка и вдохновившая производителей на создание множества клонов;DRIVE;0x03;1.00
62;TB MK1.5;TB_MK15.ZDL;;MS-50G;;;;;This is a classic fuzz effect;Классический фуз;DRIVE;0x03;1.00
63;TS Drive;TS_DRIVE.ZDL;;MS-50G;;;;;Simulation of the Ibanez TS808;Моделирует Ibanez TS808;DRIVE;0x03;1.00
64;Z Bottom;Z_BOTTOM.ZDL;;MS-50G;;;;;A high gain sound that emphasizes low and middle frequencies;Хайгейн, который подчеркивает низкие и средние частоты;DRIVE;0x03;1.00
65;Z Clean;Z_CLEAN.ZDL;;MS-50G;;;G1on;;ZOOM original unadorned clean sound;Оригинальный неукрашенный чистый звук ZOOM;DRIVE;0x03;1.00
66;Z Dream;Z_DREAM.ZDL;;MS-50G;;;;;A high gain sound for lead playing based on the Mesa Boogie Road King Series II Lead channel;Хайгейн для соло партий, основ на  ведущем канале Mesa Boogie Road King Series II;DRIVE;0x03;1.00
67;Z MP1;Z_MP1.ZDL;;MS-50G;;;G1on;;An original sound created by merging characteristics of an ADA MP1 and a Marshall JCM800;Оригинальный звук, созданный путем слияния характеристик ADA MP1 и Marshall JCM800;DRIVE;0x03;1.00
68;Z Neos;Z_NEOS.ZDL;;MS-50G;;;;;A crunch sound modeled on the sound of a modified British class A combo amplifier;Кранч по образцу звука модифицированного British class A комбо усилителя;DRIVE;0x03;1.00
69;Z Scream;Z_SCREAM.ZDL;;MS-50G;;;G1on;;An original high gain sound balanced from low to high frequencies;Оригинальный хайгейн, сбалансированный от низких до высоких частот;DRIVE;0x03;1.00
70;Z Wild;Z_WILD.ZDL;;MS-50G;;;G1on;;A high gain sound with even more overdrive boost;Хайгейн с еще большим перегрузом;DRIVE;0x03;1.00
71;ALIEN;ALIEN.ZDL;;MS-50G;;;G1on;;This simulates the high-gain sound of the Engl Invader, which features a powerful low-end;Моделирует звук хайгейн канала Engl Invader, отличающегося мощными низами;AMP;0x04;1.00
72;B-BREAKER;B_BRKR.ZDL;;MS-50G;;;G1on;;This models the sound of a Marshall 1962 Bluesbreaker combo amp;Моделирует звук комбо усилителя Marshall 1962 Bluesbreaker;AMP;0x04;1.00
73;BG CRUNCH;BG_CRNCH.ZDL;;MS-50G;;;G1on;;Crunch sound of a Mesa Boogie MkIII combo amp;Кранч, моделирует комбо усилитель Mesa Boogie MkIII;AMP;0x04;1.00
74;BG DRIVE;BG_DRV.ZDL;;MS-50G;;;G1on;;The high gain sound of the Mesa Boogie Dual Rectifier red channel (Vintage mode);Хайгейн, моделирует красный канал (винтажный режим) Mesa Boogie Dual Rectifier;AMP;0x04;1.00
75;BGN DRIVE;BGN_DRV.ZDL;;MS-50G;;;G1on;;This simulates the lead sound from channel 3 of a Bogner Ecstasy;Моделирует соло звук канала 3 усилителя Bogner Ecstasy;AMP;0x04;1.00
76;CAR DRIVE;CAR_DRV.ZDL;;MS-50G;;;G1on;;This models the sound of a Carr Mercury high-end small combo amp;Моделирует звук небольшого хайэнд комбо усилителя Carr Mercury;AMP;0x04;1.00
77;DELUXE-R;DELUXE_R.ZDL;;MS-50G;;;G1on;;This models the sound of a Fender Deluxe Reverb made in 1965;Моделирует звук Fender Deluxe Reverb, выпущенного в 1965 ;AMP;0x04;1.00
78;DZ DRIVE;DZ_DRIVE.ZDL;;MS-50G;;;G1on;;The 3-channel high gain sound of a Diezel Herbert, which is a handmade German guitar amplifier that allows control of three independent channels;Трехканальный хайгейновый звук Diezel Herbert, изготовленного вручную немецкого усилителя для гитары, который позволяет управлять тремя независимыми каналами ;AMP;0x04;1.00
79;FD COMBO;FDCOMBO.ZDL;;MS-50G;;;G1on;;'Modeled sound of a Fender Twin Reverb (''65), which is loved by guitarists in various genres';'Моделирует звук Fender Twin Reverb (''65), любимый гитаристами разных жанров';AMP;0x04;1.00
80;FD VIBRO;FD_VIBRO.ZDL;;MS-50G;;;G1on;;'Modeled sound of a ''63 Fender Vibroverb';'Моделирует звук ''63 Fender Vibroverb';AMP;0x04;1.00
81;HW STACK;HW_STACK.ZDL;;MS-50G;;;G1on;;Modeled sound of the legendary Hiwatt Custom 100 all-tube amplifier from the UK;Моделирует звук легендарного полностью лампового усилителя Hiwatt Custom 100 из Великобритании;AMP;0x04;1.00
82;MATCH 30;MATCH_30.ZDL;;MS-50G;;;G1on;;Modeled sound of a DC-30 (channel 1), the Matchless flagship combo amp;Моделирует звук DC-30 (канал 1), флагманский комбо усилитель Matchless;AMP;0x04;1.00
83;MS 1959;MS_1959.ZDL;;MS-50G;;;G1on;;This models the sound of a Marshall 1959 Plexi made in 1969;Моделирует звук Marshall 1959 Plexi, изготовленного в 1969 ;AMP;0x04;1.00
84;MS CRUNCH;MSCRUNCH.ZDL;;MS-50G;;;G1on;;The crunch sound of the Marshall 1959 that has given birth to many legends;Кранч Marshall 1959, породивший множество легенд;AMP;0x04;1.00
85;MS DRIVE;MS_DRV.ZDL;;MS-50G;;;G1on;;The high gain sound of a JCM2000 Marshall stack amp;Хайгейн звук стека Marshall JCM2000;AMP;0x04;1.00
86;REVO-1;REVO_1.ZDL;;MS-50G;;;G1on;;This simulates the high-gain sound of a Krank Revolution 1 Plus;Моделирует хайгейн звук Krank Revolution 1 Plus;AMP;0x04;1.00
87;TANGERINE;TANGERIN.ZDL;;MS-50G;;;G1on;;This models the Orange Graphic 120 with its unique design and sound;Моделирует Orange Graphic 120  с его уникальным дизайном и звуком;AMP;0x04;1.00
88;TONE CITY;TONECITY.ZDL;;MS-50G;;;G1on;;This models the sound of a Sound City 50 Plus Mark 2, a legendary British amplifier;Моделирует звук Sound City 50 Plus Mark 2, легендарного британского усилителя;AMP;0x04;1.00
89;TW ROCK;TW_ROCK.ZDL;;MS-50G;;;G1on;;This crunch sound uses the drive channel of a Two Rock Emerald 50, an American boutique amplifier;Эффект перегрузки драйв канала Two Rock Emerald 50, американского бутикового усилителя ;AMP;0x04;1.00
90;US BLUES;US_BLUES.ZDL;;MS-50G;;;G1on;;Crunch sound of a Fender Tweed Bassman;Эффект перегрузки Fender Tweed Bassman;AMP;0x04;1.00
91;VX COMBO;VX_COMBO.ZDL;;MS-50G;;;G1on;;Modeled sound of a British combo amplifier representing the 1960s Liverpool sound;Моделирует звук British комбо усилителя, представляющего Ливерпульский звук  1960-х годов;AMP;0x04;1.00
92;VX JMI;VX_JMI.ZDL;;MS-50G;;;G1on;;This simulates the sound of an early model of a class-A British combo amp;Моделирует звук ранней модели класса А британского комбо усилителя ;AMP;0x04;1.00
93;Ba Boost;_B_BOOST.ZDL;B_BOOST.ZDL;;MS-60B;;;B1on;This is a simulation of the Xotic EP Booster, which is warm and firm;Моделирует Xotic EP Booster с теплым и плотным звуком;B_DRIVE;0x14;1.00
94;Bass OD;_B_OD.ZDL;B_OD.ZDL;;MS-60B;;;B1on;Simulates the ODB-3 overdrive bass machine from BOSS;Моделирует ODB-3 овердрайв бас машину от фирмы BOSS;B_DRIVE;0x14;1.00
95;Bass Muff;_BASSMUF.ZDL;BASSMUFF.ZDL;;MS-60B;;;B1on;This is a simulation of the Electro-Harmonix Bass Big Muff;Моделирует Electro-Harmonix Bass Big Muff;B_DRIVE;0x14;1.00
96;TS+DRY;_BASS_TS.ZDL;_BASS_TS.ZDL;;MS-60B;;;B1on;This Ibanez TS808 emulation has an added parameter that allows you to adjust the volume balance between the original and distorted sounds;Моделирует Ibanez TS808, имеет дополнительный параметр, который позволяет регулировать баланс громкости между оригинальным и искаженным звуками;B_DRIVE;0x14;1.00
97;Ba Dist 1;_B_DST_1.ZDL;B_DIST_1.ZDL;;MS-60B;;;B1on;This BOSS DS-1 emulation has an added parameter that allows you to adjust the volume balance between the original and distorted sounds;Моделирует BOSS DS-1, имеет дополнительный параметр, который позволяет регулировать баланс громкости между оригинальным и искаженным звуками;B_DRIVE;0x14;1.00
98;Ba Squeak;_B_SQUEK.ZDL;_B_SQUEK.ZDL;;MS-60B;;;B1on;This ProCo RAT emulation has an added parameter that allows you to adjust the volume balance between the original and distorted sounds;Моделирует ProCo RAT, имеет дополнительный параметр, который позволяет регулировать баланс громкости между оригинальным и искаженным звуками;B_DRIVE;0x14;1.00
99;BaFzSmile;_B_FZSML.ZDL;_B_FZSML.ZDL;;MS-60B;;;B1on;This FUZZ FACE emulation has an added parameter that allows you to adjust the volume balance between the original and distorted sounds;Моделирует FUZZ FACE, имеет дополнительный параметр, который позволяет регулировать баланс громкости между оригинальным и искаженным звуками;B_DRIVE;0x14;1.00
100;Ba Metal;_B_METAL.ZDL;B_METAL.ZDL;;MS-60B;;;B1on;This BOSS Metal Zone emulation has an added parameter that allows you to adjust the volume balance between the original and distorted sounds;Моделирует BOSS Metal Zone, имеет дополнительный параметр, который позволяет регулировать баланс громкости между оригинальным и искаженным звуками;B_DRIVE;0x14;1.00
101;BassDrive;_BASSDRV.ZDL;BASSDRV.ZDL;;MS-60B;;;B1on;Simulation of the SansAmp BASS DRIVER DI, highly popular among bass players;Моделирует SansAmp BASS DRIVER DI, очень популярного среди басистов;B_DRIVE;0x16;1.00
102;D.I Plus;_DI_PLUS.ZDL;DI_PLUS.ZDL;;MS-60B;;;B1on;This is a simulation of the MXR Bass D.I.+, which has both clean and distortion channels;Моделирует MXR Bass D.I.+, у которого есть чистый и перегруженный каналы;B_DRIVE;0x16;1.00
103;Bass BB;_BASS_BB.ZDL;BASS_BB.ZDL;;MS-60B;;;B1on;This is a simulation of the Xotic Bass BB Preamp, which has a tube-like, thick sound;Моделирует Xotic Bass BB Preamp с ламповым жирным звуком;B_DRIVE;0x16;1.00
104;DI5;_DI5.ZDL;DI5.ZDL;;MS-60B;;;B1on;This simulates the AVALON DESIGN U5 preamp;Моделирует предусилитель AVALON DESIGN U5;B_DRIVE;0x16;1.00
105;Bass Pre;_BAS_PRE.ZDL;BASS_PRE.ZDL;;MS-60B;;;B1on;This is a preamp model with a semi-parametric equalizer for the mid-range;Предусилитель с полупараметрическим эквалайзером для средних частот;B_DRIVE;0x16;1.00
106;AC Bs Pre;_AC_BPRE.ZDL;AC_B_PRE.ZDL;;MS-60B;;;B1on;This is a preamp model with a graphic equalizer;Предусилитель с графическим эквалайзером ;B_DRIVE;0x16;1.00
107;acoustic;_ACOSTIC.ZDL;ACOUSTIC.ZDL;;MS-60B;;;B1on;Simulation of the acoustic 360 well known for its gutsy midrange;Моделирует acoustic 360, хорошо известного своим выраженным средним диапазоном;B_AMP;0x05;1.00
108;Ag Amp;_AG_AMP.ZDL;AG_AMP.ZDL;;MS-60B;;;B1on;Simulation of the Aguilar DB750 famous for its powerful sound;Моделирует Aguilar DB750, известного своим мощным звуком;B_AMP;0x05;1.00
109;B-Man;_B_MAN.ZDL;B_MAN.ZDL;;MS-60B;;;B1on;Simulation of the Fender BASSMAN 100;Моделирует Fender BASSMAN 100;B_AMP;0x05;1.00
110;Flip Top;_FlipTop.ZDL;_FlipTop.ZDL;;MS-60B;;;B1on;Simulation of the Ampeg B-15 made famous by the Motown sound of the 1960s;Моделирует Ampeg B-15, прославившийся звуком Motown 1960-х годов;B_AMP;0x05;1.00
111;G-Krueger;_GKruegr.ZDL;_GKruegr.ZDL;;MS-60B;;;B1on;Simulation of the famous metal bass amp Gallien-Krueger 800RB from the eighties;Моделирует знаменитый металлический басовый усилитель Gallien-Krueger 800RB из восьмидесятых;B_AMP;0x05;1.00
112;Heaven;_Heaven.ZDL;_Heaven.ZDL;;MS-60B;;;B1on;This simulation of the Eden WT-800 can be used with a wide variety of playing styles;Моделирует Eden WT-800, может быть использован в разных стилях игры;B_AMP;0x05;1.00
113;HRT3500;_HRT3500.ZDL;HRT3500.ZDL;;MS-60B;;;B1on;Simulation of the Hartke HA3500 famous for its aluminum cone;Моделирует Hartke HA3500, известного своим алюминиевым конусом;B_AMP;0x05;1.00
114;Mark B;_MARK_B.ZDL;MARK_B.ZDL;;MS-60B;;;B1on;This simulates the Italian Markbass Little Mark III;Моделирует итальянский Markbass Little Mark III;B_AMP;0x05;1.00
115;Monotone;_Monoton.ZDL;_Monoton.ZDL;;MS-60B;;;B1on;Simulation of the POLYTONE MINI-BRUTE III with its distinct midrange, often used by Jazz musicians;Моделирует POLYTONE MINI-BRUTE III с его отчетливым средним диапазоном, часто используемым джазовыми музыкантами;B_AMP;0x05;1.00
116;SMR;_SMR.ZDL;_SMR.ZDL;;MS-60B;;;B1on;Simulation of the SWR SM-900, famous for its hi-fi sound;Моделирует SWR SM-900, известного своим Hi-Fi звуком;B_AMP;0x05;1.00
117;SuperB;_SuperB.ZDL;_SuperB.ZDL;;MS-60B;;;B1on;Simulation of the Marshall Super Bass that made rock history;Моделирует Marshall Super Bass, который вошел в историю рока ;B_AMP;0x05;1.00
118;SVT;_SVT.ZDL;SVT.ZDL;;MS-60B;;;B1on;Simulation of the ultimate rock bass amp, the Ampeg SVT;Моделирует идеальный роковый бас усилитель Ampeg SVT ;B_AMP;0x05;1.00
119;ANA234Cho;ANA234CH.ZDL;;MS-50G;MS-60B;MS-70CDR;;;This analog chorus sound models the MXR M234;Моделирует эффект аналогового хоруса MXR M234;MOD;0x06;1.00
120;Ba Chorus;B_CHORUS.ZDL;;;MS-60B;MS-70CDR;;B1on;You can cut the low frequencies of this bass chorus effect sound;Вы можете вырезать низкие частоты в звучании этого басового хоруса;MOD;0x06;1.01
121;Ba Detune;B_DETUNE.ZDL;;;MS-60B;MS-70CDR;;B1on;By mixing a small amount of the pitch-shifted effect sound with the original sound, a natural bass chorus effect is achieved;Подмешивание небольшого количества слегка сдвинутого по частоте звука к оригинальному сигналу, что дает эффект натурального басового хоруса;MOD;0x06;1.01
122;Ba Ensmbl;B_ENSMBL.ZDL;;;MS-60B;MS-70CDR;;B1on;This bass chorus ensemble features a sense of three-dimensional movement;Многоголосный хорус, создающий эффект басового ансамбля с объемным звучанием;MOD;0x06;1.01
123;Ba Octave;B_OCTAVE.ZDL;;;MS-60B;MS-70CDR;;B1on;This effect adds sound one octave below the original sound;Эффект добавляет звук одной октавы вниз к исходному звуку;MOD;0x06;1.01
124;Ba Pitch;B_PITCH.ZDL;;;MS-60B;MS-70CDR;;B1on;This pitch shifter was designed specifically for playing single notes in the bass frequency range;Питч шифтер, разработан специально для исполнения отдельных нот в басовом диапазоне;MOD;0x06;1.00
125;BaFlanger;B_FLNGR.ZDL;;;MS-60B;MS-70CDR;;B1on;Modeled after the ADA Flanger, this effect has an added parameter that allows you to adjust the volume balance between the original and effected sounds;Моделирует флэнжер ADA, эффект имеет дополнительные параметры, позволяющие регулировать баланс между исходным и обработанным звуком;MOD;0x06;1.01
126;BendCho;BENDCHO.ZDL;;MS-50G;;MS-70CDR;G1on;B1on;This effect provides pitch bending that uses the input signal as trigger and processes each note separately;Эффект меняет высоту тона, используя входной сигнал как триггер, обрабатывает каждую ноту по отдельности;MOD;0x06;1.00
127;BF FLG 2;BF_FLG_2.ZDL;;MS-50G;MS-60B;MS-70CDR;;;This models a BOSS BF-2 Flanger;Моделирует эффект BOSS BF-2 Flanger;MOD;0x06;1.00
128;CE-Cho5;CE_CHO5.ZDL;;MS-50G;MS-60B;MS-70CDR;;;This chorus is a model of the BOSS CE-5;Моделирует эффект BOSS CE-5;MOD;0x06;1.00
129;Chorus;CHORUS.ZDL;;MS-50G;;MS-70CDR;G1on;;This effect mixes a shifted pitch with the original sound to add movement and thickness;Эффект подмешивает к основному сигналу его копию, сдвинутую по высоте, что добавляет звучанию движения и плотности;MOD;0x06;1.00
130;CloneCho;CLONECHO.ZDL;;MS-50G;MS-60B;MS-70CDR;;;This analog chorus sound models the Electro-Harmonix SmallClone;Моделирует эффект аналогового хоруса Electro-Harmonix SmallClone;MOD;0x06;1.00
131;CoronaCho;CRN_CHO.ZDL;;MS-50G;MS-60B;MS-70CDR;;;'This is a model of tc electronic''s CORONA CHORUS';Моделирует эффект CORONA CHORUS от tc electronics;MOD;0x06;1.00
132;CoronaTri;CRN_TRI.ZDL;;MS-50G;MS-60B;MS-70CDR;G1on;B1on;'This is a model of tc electronic''s CORONA Tri-Chorus';Моделирует эффект CORONA Tri-Chorus от tc electronics;MOD;0x06;1.00
133;Detune;DETUNE.ZDL;;MS-50G;;MS-70CDR;G1on;;By mixing an effect sound that is slightly pitch-shifted with the original sound, this effect type has a chorus effect without much sense of modulation;Подмешивает слегка сдвинутый по частоте звук к оригинальному сигналу, что дает эффект хоруса без ощущения сильной модуляции;MOD;0x06;1.00
134;DuoPhase;DUOPHASE.ZDL;;MS-50G;MS-60B;MS-70CDR;G1on;B1on;This effect combines 2 phasers;Эффект комбинации двух фэйзеров;MOD;0x06;1.00
135;DuoTrem;DUOTREM.ZDL;;MS-50G;MS-60B;MS-70CDR;;;This effect combines two tremolos;Эффект комбинации двух тремоло;MOD;0x06;1.00
136;DynaFLNGR;DYNFLNGR.ZDL;;MS-50G;MS-60B;MS-70CDR;;;The volume of the effect sound changes according to the input signal level with this dynamic flanger;Эффект динамического флэнжера, громкость эффекта изменяется в зависимости от уровня входного сигнала;MOD;0x06;1.00
137;Ensemble;ENSEMBLE.ZDL;;MS-50G;;MS-70CDR;G1on;;This is a chorus ensemble that features three-dimensional movement;Многоголосный хорус, создающий эффект ансамбля с объемным звучанием;MOD;0x06;1.00
138;Flanger;FLANGER.ZDL;;MS-50G;;MS-70CDR;G1on;;This is a jet sound like an ADA flanger;Моделирует реактивное звучание флэнжера, ADA;MOD;0x06;1.00
139;HPS;HPS.ZDL;;MS-50G;;MS-70CDR;G1on;B1on;This intelligent pitch shifter outputs the effect sound with the pitch shifted according to scale and key settings;Продвинутый питч шифтер, выдает звук, сдвинутый по частоте, в соответствии с заданными интервалом и точностью;MOD;0x06;1.00
140;MirageCho;MIRAGECH.ZDL;;MS-50G;;MS-70CDR;;;This chorus shimmers like a mirage;Делает звук переливающимся, как мираж;MOD;0x06;1.00
141;MojoRolle;MJROLLE.ZDL;;MS-50G;;MS-70CDR;;B1on;This effect modulates the pitch after picking;Эффект модулирует питчшифтер после звукоизвлечения;MOD;0x06;1.00
142;MonoPitch;MNPIT.ZDL;;MS-50G;;MS-70CDR;G1on;;This is a pitch shifter with little sound variance for monophonic (single note) playing;Эффект смещения высоты тона с небольшой вариацией звука для монофонического исполнения (одной ноты);MOD;0x06;1.00
143;Octave;OCTAVE.ZDL;;MS-50G;;MS-70CDR;G1on;;This effect adds sound one octave and two octaves below the original sound;Эффект добавляет звук 1 и 2 октавами ниже исходного звука;MOD;0x06;1.00
144;Phaser;PHASER.ZDL;;MS-50G;MS-60B;MS-70CDR;G1on;B1on;This effect adds a phasing variation to the sound;Эффект добавляет к тембру звука фазовые изменения;MOD;0x06;1.00
145;PitchSHFT;PTCHSHFT.ZDL;;MS-50G;MS-60B;MS-70CDR;G1on;B1on;This effect shifts the pitch up or down;Эффект смещает высоту тона вверх или вниз;MOD;0x06;1.00
146;RingMod;RINGMOD.ZDL;;MS-50G;MS-60B;MS-70CDR;G1on;B1on;"This effect produces a metallic ringing sound. Adjusting the ""Freq"" parameter results in a drastic change of sound character";Эффект производит звонкий металлический  звук. Настройка параметра «Freq» приводит к резкому изменению звука;MOD;0x06;1.00
147;SilkyCho;SILKYCHO.ZDL;;MS-50G;;MS-70CDR;;;This chorus effect combines 2 bands of detuning and chorus for precise control;Эффект делит звук на две полосы с детюном и хорусом, смешивая их впоследствии для точного управления;MOD;0x06;1.00
148;Slicer;SLICER.ZDL;;MS-50G;;MS-70CDR;G1on;B1on;This effect creates a rhythmical sound by continuously slicing the input;Эффект создает ритмичный звук, непрерывно нарезаю вход;MOD;0x06;1.00
149;StereoCho;STCHO.ZDL;;MS-50G;MS-60B;MS-70CDR;G1on;B1on;This is a stereo chorus with a clear tone;Стерео хорус с чистым звучанием;MOD;0x06;1.00
150;StonePha;STONEPHA.ZDL;;MS-50G;MS-60B;MS-70CDR;;;This phaser sound models the Electro-Harmonix SmallStone;Моделирует фэйзер Electro-Harmonix SmallStone;MOD;0x06;1.00
151;SuperCho;SUPERCHO.ZDL;;MS-50G;MS-60B;MS-70CDR;G1on;;This models the sound of a BOSS CH-1 SUPER CHORUS;Моделирует эффект BOSS CH-1 SUPER CHORUS;MOD;0x06;1.00
152;TheVibe;THEVIBE.ZDL;;MS-50G;MS-60B;MS-70CDR;G1on;B1on;This vibe sound features unique undulations;Этот вибрирующий звук отличается уникальной волнообразностью;MOD;0x06;1.00
153;Tremolo;TREMOLO.ZDL;;MS-50G;MS-60B;MS-70CDR;G1on;B1on;This effect varies the volume at a regular rate;Эффект варьирует громкость в постоянном темпе;MOD;0x06;1.00
154;Vibrato;VIBRATO.ZDL;;MS-50G;MS-60B;MS-70CDR;G1on;B1on;This effect automatically adds vibrato;Эффект автоматически добавляет вибрато;MOD;0x06;1.00
155;VinFLNGR;VINFLNGR.ZDL;;MS-50G;MS-60B;MS-70CDR;G1on;B1on;This analog flanger sound is similar to an MXR M-117R;Модулирует аналоговый флэнжер MXR M-117R;MOD;0x06;1.00
156;VintageCE;VTGCE.ZDL;;MS-50G;MS-60B;MS-70CDR;;;This is a simulation of the BOSS CE-1;Моделирует эффект BOSS CE-1;MOD;0x06;1.00
157;WarpPhase;WRPPHASE.ZDL;;MS-50G;MS-60B;MS-70CDR;;B1on;This phaser has a one way effect;Фэйзер, имеет односторонний эффект;MOD;0x06;1.00
158;4VoiceSyn;4V_SYN.ZDL;;;MS-60B;;;B1on;This effect type adds synthesizer harmony components to single notes played on the bass. The harmony components are determined by the Mode and Scale parameters;Эффект добавляет синтезированные гармонии к отдельным нотам, сыгранным на басу. Компоненты гармонии определяются параметрами Mode и Scale;SFX;0x07;1.00
159;AutoPan;AUTOPAN.ZDL;;MS-50G;MS-60B;MS-70CDR;;B1on;This effect cyclically moves the panning position of the sound;Эффект циклически меняет положение звука в стерео-панораме;SFX;0x07;1.00
160;Ba Synth;B_SYNTH.ZDL;;;MS-60B;;;B1on;This effect produces the sound of a monophonic (single-note playing) bass synthesizer that detects the pitch of the input signal;Эффект производит звук монофонического (играющего одну ноту) басового синтезатора, определяет высоту звука из входного сигнала;SFX;0x07;1.00
161;BitCrush;BITCRUSH.ZDL;;MS-50G;MS-60B;MS-70CDR;G1on;B1on;This effect creates a lo-fi sound;Эффект создает lo-fi звук;SFX;0x07;1.00
162;Bomber;BOMBER.ZDL;;MS-50G;MS-60B;MS-70CDR;G1on;B1on;This effect produces an explosive sound when picking;Эффект производит взрывной звук во время извлечения ;SFX;0x07;1.00
163;Defret;DEFRET.ZDL;;;MS-60B;;;B1on;Turns the sound from any bass guitar into a fretless bass sound;Превращает звук любой бас гитары в безладовый бас;SFX;0x07;1.00
164;MonoSynth;MONOSYN.ZDL;;MS-50G;;MS-70CDR;;;This effect produces the sound of a monophonic (single-note playing) guitar synthesizer that detects the pitch of the input signal;Эффект производит звук монофонического (играющего одну ноту) гитарного синтезатора, определяет высоту звука из входного сигнала;SFX;0x07;1.00
165;Rt Closet;RTCLOSET.ZDL;;MS-50G;MS-60B;MS-70CDR;G1on;;Simulates a rotary speaker;Эмуляция вращающихся динамиков;SFX;0x07;1.00
166;StdSyn;STDSYN.ZDL;;;MS-60B;;;B1on;ZOOM original bass synthesizer sound;ZOOM оригинальный басовый синтезатор;SFX;0x07;1.00
167;SynTlk;SYNTLK.ZDL;;;MS-60B;;;B1on;This effect produces a synthesizer sound similar to a talking modulator producing vowels;Эффект производит синтезированный звук, похожий на модулятор речи, производящий гласные;SFX;0x07;1.00
168;V-Syn;V_SYN.ZDL;;;MS-60B;;;B1on;This effect produces a vintage bass synthesizer sound;Эффект производит винтажный звук басового синтезатора;SFX;0x07;1.00
169;Z-Organ;Z_ORGAN.ZDL;;MS-50G;MS-60B;MS-70CDR;G1on;B1on;This effect simulates an organ sound;Эффект эмулирует звучание органа;SFX;0x07;1.00
170;Z-Syn;Z_SYN.ZDL;;;MS-60B;;;B1on;This bass synthesizer sound adds analog synth fatness;Басовый синтезатор, добавляет жирности аналогового синтезатора;SFX;0x07;1.00
171;A-Pan DLY;APANDLY.ZDL;;MS-50G;MS-60B;MS-70CDR;;;This combines auto pan and delay to create the effect of the stereo image moving cyclically;Комбинация автопанера и дилея, создает эффект звучания, циклически перемещающегося в стерео-панораме;DELAY;0x08;1.00
172;AnalogDly;ANLGDLY.ZDL;;MS-50G;MS-60B;MS-70CDR;;;This analog delay simulation has a long delay with a maximum length of 4000 ms;Моделирует эффект аналогового дилея с максимальным временем задержки 4000 мс.;DELAY;0x08;1.00
173;CarbonDly;CRBNDLY.ZDL;;MS-50G;MS-60B;MS-70CDR;G1on;;This analog delay sound is a model of the MXR Carbon Copy;Моделирует эффект аналогового дилея MXR Carbon Copy;DELAY;0x08;1.00
174;Delay;DELAY.ZDL;;MS-50G;MS-60B;MS-70CDR;G1on;B1on;This long delay has a maximum length of 4000 ms;Эффект c максимальным временем задержки 4000 мс.;DELAY;0x08;1.00
175;DriveEcho;DRV_ECHO.ZDL;;MS-50G;MS-60B;MS-70CDR;;;This echo effect that can be driven is modeled on the LINE6 M9 TubeEcho;Дилей с возможностью перегрузки задержанного звука, моделирует эффект Line6 M9 TubeEcho;DELAY;0x08;1.00
176;DualDigiD;DUALDIGD.ZDL;;MS-50G;MS-60B;MS-70CDR;;;This effect combines 2 delays and is based on the Eventide TimeFactor DigitalDelay;Комбинация двух дилеев, базирующихся на алгоритме TimeFactor DigitalDelay от Eventide;DELAY;0x08;1.00
177;DynaDelay;DYNADLY.ZDL;;MS-50G;MS-60B;MS-70CDR;;;This dynamic delay adjusts the volume of the effect sound according to the input signal level;Динамический дилей, устанавливает громкость обработанного звука в зависимости от уровня входного сигнала;DELAY;0x08;1.00
178;FilterDly;FLTRDLY.ZDL;;MS-50G;MS-60B;MS-70CDR;G1on;B1on;This effect filters a delayed sound;Дилей с фильтром на повторах;DELAY;0x08;1.00
179;FLTR PPD;FLTERPPD.ZDL;;MS-50G;MS-60B;MS-70CDR;;;Based on the Eventide TimeFactor FilterPong, this effect combines filter and delay effects;Эффект, объединяющий фильтр и дилей, создан на базе TimeFactor FilterPong от Eventide;DELAY;0x08;1.00
180;ICE Delay;ICEDLY.ZDL;;MS-50G;MS-60B;MS-70CDR;;;Based on the strymon TIMELINE ICE mode, this effect combines pitch shifting and delay;Дилей создан на базе эффекта Strymon TIMELINE в режиме ICE и объединяет эффекты дилея и питч-шифтера;DELAY;0x08;1.00
181;LO-FI Dly;LOFIDLY.ZDL;;MS-50G;MS-60B;MS-70CDR;;;This delay, which is based on the LO-FI mode of the strymon TIMELINE, allows you to degrade the sound quality using the bit rate and sampling rate parameters;Дилей, создан на базе эффекта Strymon TIMELINE в режиме LO-FI и позволяет вам понижать качество звучания с помощью параметров разрядности (bit rate) и дискретизации (sampling rate);DELAY;0x08;1.00
182;ModDelay;MODDLY.ZDL;;MS-50G;MS-60B;MS-70CDR;;;This delay effect allows the use of modulation;Эффект дилея с возможностью модуляции;DELAY;0x08;1.00
183;ModDelay2;MODDLY2.ZDL;;;MS-60B;MS-70CDR;;B1on;You can adjust the depth of this modulation delay effect;Вы можете регулировать глубину модуляции этого эффекта;DELAY;0x08;1.00
184;MultiTapD;MLTTPDLY.ZDL;;MS-50G;MS-60B;MS-70CDR;G1on;B1on;This effect produces several delay sounds with different delay times;Эффект нескольких дилеев с различным временем задержки;DELAY;0x08;1.00
185;PhaseDly;PHASEDLY.ZDL;;MS-50G;MS-60B;MS-70CDR;;;This effect applies a phaser to a delayed sound;Дилей с фэйзером на повторах;DELAY;0x08;1.00
186;PitchDly;PITCHDLY.ZDL;;MS-50G;MS-60B;MS-70CDR;G1on;B1on;This effect applies pitch shift to a delayed sound;Дилей с изменением высоты повторов;DELAY;0x08;1.00
187;ReverseDL;RVRSDLY.ZDL;;MS-50G;MS-60B;MS-70CDR;G1on;B1on;This reverse delay is a long delay with a maximum length of 2000 ms;Эффект реверсивного дилея с максимальным временем задержки 2000 мс.;DELAY;0x08;1.00
188;SlapBackD;SLAPBKD.ZDL;;MS-50G;MS-60B;MS-70CDR;;;This delay, which features a short delay time that is good for muted rhythm playing and rockabilly, is modeled on a tc electronic FLASHBACK set for SLAP delay;Дилей с коротким временем задержки, создан на базе tc electronics FLASHBACK в режиме SLAP и пригодится для исполнения рокабилли или приглушенного ритмического аккомпанемента;DELAY;0x08;1.00
189;SlwAtkDly;SLWATKDL.ZDL;;MS-50G;MS-60B;MS-70CDR;;;This effect, which gently brings on the delay, is modeled on the LINE6 M9 Auto-Volume Echo;Дилей с плавной атакой задержанного звука, создан на базе эффекта Line6 M9 Auto-Volume Echo;DELAY;0x08;1.00
190;SmoothDly;SMS_DLY.ZDL;;MS-50G;MS-60B;MS-70CDR;;;This wide delay is modeled on the BOSS DD-20 in SMOOTH mode;Размашистый дилей, создан на базе эффекта BOSS DD-20 в режиме SMOOTH;DELAY;0x08;1.00
191;StereoDly;STDELAY.ZDL;;MS-50G;MS-60B;MS-70CDR;G1on;B1on;This stereo delay allows the left and right delay times to be set separately;Стерео-дилей, позволяет выставить раздельное время задержки для правого и левого каналов;DELAY;0x08;1.00
192;StompDly;STOMPDLY.ZDL;;MS-50G;MS-60B;MS-70CDR;G1on;B1on;By turning the feedback up on this stomp-style delay, you can make it self-oscillate;Увеличивая уровень обратной связи этого стомп-дилея, вы можете добиться его самовозбуждения;DELAY;0x08;1.00
193;TapeEcho;TAPEECHO.ZDL;;MS-50G;MS-60B;MS-70CDR;G1on;B1on;"This effect simulates a tape echo. Changing the ""Time"" parameter changes the pitch of the echoes";Моделирует эффект ленточного дилея. Изменение параметра «Time» приводит к сдвигу звучащих повторов по высоте;DELAY;0x08;1.00
194;TapeEcho3;TAPEECH3.ZDL;;MS-50G;MS-60B;MS-70CDR;;;This tape echo effect models the MAESTRO ECHOPLEX EP-3;Моделирует эффект ленточного дилея MAESTRO ECHOPLEX EP-3;DELAY;0x08;1.00
195;TremDelay;TREMDLY.ZDL;;MS-50G;MS-60B;MS-70CDR;;;This effect, which is based on the strymon TIMELINE TREM mode, adds a tremolo to the delay sound;Дилей, создан на базе эффекта Strymon TIMELINE в режиме TERM и добавляет тремоло к эффекту дилея;DELAY;0x08;1.00
196;TrgHldDly;TGHLDDLY.ZDL;;MS-50G;;MS-70CDR;;B1on;This delay samples and holds using picking as the trigger;Дилей семплирует и воспроизводит повторяющийся звук, используя входной сигнал в качестве триггера;DELAY;0x08;1.00
197;Air;AIR.ZDL;;MS-50G;MS-60B;MS-70CDR;G1on;B1on;This effect reproduces the ambience of a room, to create spatial depth;Ревербератор воспроизводит окружающую акустику комнаты, создавая пространственную глубину;REVERB;0x09;1.00
198;Ambience;AMBIENCE.ZDL;;MS-50G;MS-60B;MS-70CDR;;;This effect adds a natural ambience (air) to the sound;Ревербератор, добавляющий звучанию натуральной, воздушной атмосферы;REVERB;0x09;1.00
199;Arena;ARENA.ZDL;;MS-50G;MS-60B;MS-70CDR;G1on;B1on;This reverb effect simulates the acoustics of a large enclosure such as a sports arena;Ревербератор, эмулирующий акустику открытого пространства, например, стадиона;REVERB;0x09;1.00
200;Cave;CAVE.ZDL;;MS-50G;MS-60B;MS-70CDR;;;This effect simulates the reverberations of a cave;Ревербератор, эмулирующий акустику пещеры;REVERB;0x09;1.00
201;Chamber;CHAMBER.ZDL;;MS-50G;MS-60B;MS-70CDR;;;This effect simulates the reverberations of a chamber-sized room;Ревербератор, эмулирующий акустику большой комнаты;REVERB;0x09;1.00
202;Church;CHURCH.ZDL;;MS-50G;MS-60B;MS-70CDR;;;This effect simulates the reverberations of a church;Ревербератор, эмулирующий акустику церкви;REVERB;0x09;1.00
203;DualRev;DUAL_REV.ZDL;;MS-50G;;MS-70CDR;;;Based on the Eventide SPACE DualVerb algorithm, this effect combines 2 reverbs;Комбинированный двойной ревербератор, создан на базе алгоритма DualVerb эффекта Eventide SPACE;REVERB;0x09;1.00
204;DynaRev;DYNAREV.ZDL;;MS-50G;MS-60B;MS-70CDR;;;This reverb, which is modeled on the tc electronic NOVA REVERB, changes volume according to the dynamics of the input sound;Ревербератор, созданный на базе эффекта Strymon TIMELINE в режиме Shimmer, этот эффект добавляет к реверберации питч-шифтер и дилей;REVERB;0x09;1.00
205;EarlyRef;EARLYREF.ZDL;;MS-50G;MS-60B;MS-70CDR;G1on;B1on;This effect reproduces only the early reflections of reverb;Эффект воспроизводит только ранние отражения реверберации;REVERB;0x09;1.00
206;Echo;ECHO.ZDL;;MS-50G;MS-60B;MS-70CDR;;;This effect can generate gorgeous echoes;Ревербератор, создает эффект роскошного эха;REVERB;0x09;1.00
207;GateRev;GATE_REV.ZDL;;MS-50G;MS-60B;MS-70CDR;;;This gate reverb, which is suited to percussive playing, is modeled on the DigiTech RV-7 (Lexicon) Gated setting;Гейтированный ревербератор, подходящий для перкусионной игры, создан на базе эффекта DigiTech RV-7 (Lexicon) в режиме Gated;REVERB;0x09;1.00
208;Hall;HALL.ZDL;;MS-50G;MS-60B;MS-70CDR;G1on;B1on;This reverb effect simulates the acoustics of a concert hall;Ревербератор, эмулирующий акустику концертного зала ;REVERB;0x09;1.00
209;HD Hall;HDHALL.ZDL;;MS-50G;MS-60B;MS-70CDR;G1on;B1on;This is a dense hall reverb;Ревербератор, эмулирующий акустику заполненного  концертного зала ;REVERB;0x09;1.00
210;HD Reverb;HD_REV.ZDL;;MS-50G;MS-60B;MS-70CDR;;;This is a high-definition reverb;Ревербератор с высокой разрешающей способностью;REVERB;0x09;1.00
211;HolyFLERB;HolyFLRB.ZDL;;MS-50G;MS-60B;MS-70CDR;;;This effect combines reverb and flanger in a model of an Electro-Harmonix Holy Grail set to FLERB;Ревербератор, совмещенный с флэнжером, создан на базе эффекта Electro-Harmonix Holy Grail в режиме FLERB;REVERB;0x09;1.00
212;LOFI Rev;LOFI_REV.ZDL;;MS-50G;MS-60B;MS-70CDR;;;This rough in-your-face reverb is modeled on the LOFI setting of the tc electronic HALL OF FAME;Агрессивный ревербератор, создан на базе эффекта tc electronics HALL OF FAME в режиме LOFI;REVERB;0x09;1.00
213;MangledSp;MNGLD_SP.ZDL;;MS-50G;;MS-70CDR;;;Based on the Eventide SPACE MangledVerb algorithm, this reverb produces wild echoes;Эффект беспорядочного эха, создан на базе эффекта Eventide SPACE в режиме MangledVerb;REVERB;0x09;1.00
214;ModReverb;MODREV.ZDL;;MS-50G;MS-60B;MS-70CDR;G1on;B1on;This reverb generates fluctuating echoes;Ревербератор, создает эффект пульсирующего эха;REVERB;0x09;1.00
215;ParticleR;PARTICLE.ZDL;;MS-50G;;MS-70CDR;G1on;B1on;This unique complex reverb effect models the LINE6 M9 Particle Verb;Уникальный комплексный ревербератор создан на базе эффекта Line6 M9 Particle;REVERB;0x09;1.00
216;Plate;PLATE.ZDL;;MS-50G;MS-60B;MS-70CDR;G1on;B1on;This simulates a plate reverb;Эмуляция звучания листового ревербератора;REVERB;0x09;1.00
217;ReverseRv;RVS_REV.ZDL;;MS-50G;MS-60B;MS-70CDR;;;This effect, which is modeled on the DigiTech RV-7 (Lexicon) Reverse setting, sounds like reverb in reverse;Реверсный ревербератор, создан на базе эффекта DigiTech RV-7 (Lexicon) в режиме Reverse;REVERB;0x09;1.00
218;Room;ROOM.ZDL;;MS-50G;MS-60B;MS-70CDR;G1on;B1on;This reverb effect simulates the acoustics of a room;Ревербератор, эмулирует акустику комнаты ;REVERB;0x09;1.00
219;ShimmerRv;SHIMMER.ZDL;;MS-50G;;MS-70CDR;;;Modeling the strymon blueSky in Shimmer mode, this effect adds pitch-shifting and delay to reverb;Реверберация с добавлением дилея и питчшифтера, создан на базе эффекта Strymon blueSky в режиме Shimmer;REVERB;0x09;1.00
220;SlapBack;SLAPBACK.ZDL;;MS-50G;MS-60B;MS-70CDR;;B1on;This reverb creates a repeating echo effect;Ревербератор, создает эффект повторяющегося эха;REVERB;0x09;1.01
221;SpaceHole;SPC_HOLE.ZDL;;MS-50G;;MS-70CDR;;;This effect, which is based on the Eventide SPACE BlackHole algorithm, combines delay and reverb;Комбинированный ревербератор с дилеем, создан на базе эффекта Eventide SPACE в режиме BlackHole;REVERB;0x09;1.00
222;Spring;SPRING.ZDL;;MS-50G;MS-60B;MS-70CDR;;;This reverb effect simulates a spring reverb;Эмуляция пружинного ревербератора;REVERB;0x09;1.00
223;Spring63;SPRING63.ZDL;;MS-50G;MS-60B;MS-70CDR;G1on;;'This spring reverb sound is modeled on a ''63 Fender Reverb';Эмуляция звучания пружинного ревербератора Fender Reverb 1963 года;REVERB;0x09;1.00
224;TiledRoom;TLDROOM.ZDL;;MS-50G;MS-60B;MS-70CDR;G1on;B1on;This reverb effect simulates the acoustics of a tiled room;Ревербератор, эмулирующий акустику комнаты, отделанной кафелем;REVERB;0x09;1.00
225;TremoloRv;TREM_REV.ZDL;;MS-50G;MS-60B;MS-70CDR;;;This effect adds tremolo to reverb and is based on the TREMOLO VERB setting of an Eventide SPACE;Ревербератор с добавлением тремоло, создан на базе эффекта Eventide SPACE в режиме TREMOLO VERB;REVERB;0x09;1.00
226;PedalVx;PEDALVX.ZDL;;;;;G1Xon;B1Xon;This simulates a vintage british wah pedal;Моделирует винтажную британскую квакушку;PEDAL;0x0B;1.00
227;PedalCry;PEDALCRY.ZDL;;;;;G1Xon;;This simulates a vintage CRYBABY wah pedal;Моделирует винтажную квакушку CRYBABY;PEDAL;0x0B;1.00
228;WAH100;WH100.ZDL;;;;;G1Xon;;Simulates an Ibanez wah pedal;Моделирует квакушку Ibanez;PEDAL;0x0B;1.00
229;PDL Pitch;PEDALPIT.ZDL;;;;;G1Xon;;Use an expression pedal to change the pitch in real time with this effect;Используйте педаль экспрессии, чтобы изменить высоту тона в реальном времени;PEDAL;0x0B;1.00
230;PDL MnPit;PEDALMNP.ZDL;;;;;G1Xon;;This is a pitch shifter specially for monophonic sound (single-note playing), which allows the pitch to be shifted in real time with the expression pedal;Это питч шифтер, специально предназначенный для монофонического звука (воспроизведение одной ноты), который позволяет смещать высоту тона в реальном времени с помощью педали экспрессии;PEDAL;0x0B;1.00
231;PedalWah;PEDALWAH.ZDL;;;;;;B1Xon;This is a pedal wah effect for bass guitar;Квакушка для бас-гитары;PEDAL;0x0B;1.00
232;PDL Reso;PDL_RESO.ZDL;;;;;;B1Xon;Pedal wah with a strong character;Педаль вау с крутым характером;PEDAL;0x0B;1.00
233;BaPDLPit;B_PDLPIT.ZDL;;;;;;B1Xon;Use an expression pedal to change the pitch in real time with this effect;Используйте педаль экспрессии, чтобы изменить высоту тона в реальном времени;PEDAL;0x0B;1.00
234;BaPDLMnP;B_PDLMNP.ZDL;;;;;;B1Xon;This is a pitch shifter specially for monophonic sound (single-note playing), which allows the pitch to be shifted in real time with the expression pedal;Это питч шифтер, специально предназначенный для монофонического звука (воспроизведение одной ноты), который позволяет смещать высоту тона в реальном времени с помощью педали экспрессии ;PEDAL;0x0B;1.00
235;RailSel;RAINSEL.ZDL;;MS-50G;MS-60B;MS-70CDR;G1on;B1on;[MOD] Wet+Dry mod for LineSel;[MOD] Мод на LineSel, позволяет смешивать Сухой и Эффекты;FLTR;0x02;1.10
236;RTFM;RTFM.ZDL;;MS-50G;MS-60B;MS-70CDR;G1on;B1on;[MOD] Allow independent L and R channel processing, see manual;[MOD] Позволяет раздельно обрабатывать Левый и Правый каналы, смотри инструкцию;FLTR;0x02;1.10
237;Div0;Div0.ZDL;;MS-50G;MS-60B;MS-70CDR;G1on;B1on;[MOD] Allow RTFM to not mix L and R into sum;[MOD] Позволяет RTFM не смешивать Левый и Правый каналы в сумму;FLTR;0x02;1.00